{"1678483594.641712": {"poly": 264615, "prism": 286511}, "1678483746.248189": {"poly": 264617, "prism": 286514}, "1678484059.3909078": {"poly": 264618, "prism": 286524}, "1678484352.7335799": {"poly": 264619, "prism": 286534}, "1678484955.0876572": {"poly": 264623, "prism": 286548}, "1678485565.7069447": {"poly": 264626, "prism": 286559}, "1678486820.7691903": {"poly": 264636, "prism": 286592}, "1678487496.761274": {"poly": 264641, "prism": 286608}, "1678488098.5614014": {"poly": 264643, "prism": 286620}, "1678488711.5495298": {"poly": 264644, "prism": 286629}, "1678489647.303201": {"poly": 264644, "prism": 286647}, "1678490638.9326959": {"poly": 264650, "prism": 286668}, "1678491280.0272236": {"poly": 264654, "prism": 286681}, "1678491891.026815": {"poly": 264656, "prism": 286700}, "1678492491.7769861": {"poly": 264661, "prism": 286718}, "1678496599.7343633": {"poly": 264676, "prism": 286824}, "1678500882.1065562": {"poly": 264692, "prism": 286923}, "1678502650.3451316": {"poly": 264706, "prism": 286975}, "1678503253.1975217": {"poly": 264707, "prism": 286993}, "1678505234.7766564": {"poly": 264714, "prism": 287057}, "1678506459.7540467": {"poly": 264721, "prism": 287104}, "1678507060.0943272": {"poly": 264725, "prism": 287112}, "1678508554.6604607": {"poly": 264730, "prism": 287145}, "1678509379.7151866": {"poly": 264731, "prism": 287163}, "1678509999.314286": {"poly": 264735, "prism": 287179}, "1678510606.6306145": {"poly": 264737, "prism": 287191}, "1678511699.194926": {"poly": 264740, "prism": 287237}, "1678512439.313266": {"poly": 264742, "prism": 287256}, "1678513040.978434": {"poly": 264742, "prism": 287278}, "1678513642.885635": {"poly": 264742, "prism": 287290}, "1678514255.9736936": {"poly": 264746, "prism": 287303}, "1678514556.8884041": {"poly": 264746, "prism": 287311}, "1678515754.5091317": {"poly": 264752, "prism": 287335}, "1678516534.633926": {"poly": 264758, "prism": 287352}}