{"1678483594.641712": {"poly": 264615, "prism": 286511}, "1678483746.248189": {"poly": 264617, "prism": 286514}}