{"1678483594.641712": {"poly": 264615, "prism": 286511}, "1678483746.248189": {"poly": 264617, "prism": 286514}, "1678484059.3909078": {"poly": 264618, "prism": 286524}, "1678484352.7335799": {"poly": 264619, "prism": 286534}, "1678484955.0876572": {"poly": 264623, "prism": 286548}, "1678485565.7069447": {"poly": 264626, "prism": 286559}, "1678486820.7691903": {"poly": 264636, "prism": 286592}, "1678487496.761274": {"poly": 264641, "prism": 286608}, "1678488098.5614014": {"poly": 264643, "prism": 286620}, "1678488711.5495298": {"poly": 264644, "prism": 286629}}