{"1678483594.641712": {"poly": 264615, "prism": 286511}, "1678483746.248189": {"poly": 264617, "prism": 286514}, "1678484059.3909078": {"poly": 264618, "prism": 286524}, "1678484352.7335799": {"poly": 264619, "prism": 286534}, "1678484955.0876572": {"poly": 264623, "prism": 286548}, "1678485565.7069447": {"poly": 264626, "prism": 286559}, "1678486820.7691903": {"poly": 264636, "prism": 286592}, "1678487496.761274": {"poly": 264641, "prism": 286608}, "1678488098.5614014": {"poly": 264643, "prism": 286620}, "1678488711.5495298": {"poly": 264644, "prism": 286629}, "1678489647.303201": {"poly": 264644, "prism": 286647}, "1678490638.9326959": {"poly": 264650, "prism": 286668}, "1678491280.0272236": {"poly": 264654, "prism": 286681}, "1678491891.026815": {"poly": 264656, "prism": 286700}, "1678492491.7769861": {"poly": 264661, "prism": 286718}, "1678496599.7343633": {"poly": 264676, "prism": 286824}, "1678500882.1065562": {"poly": 264692, "prism": 286923}, "1678502650.3451316": {"poly": 264706, "prism": 286975}, "1678503253.1975217": {"poly": 264707, "prism": 286993}, "1678505234.7766564": {"poly": 264714, "prism": 287057}, "1678506459.7540467": {"poly": 264721, "prism": 287104}, "1678507060.0943272": {"poly": 264725, "prism": 287112}, "1678508554.6604607": {"poly": 264730, "prism": 287145}, "1678509379.7151866": {"poly": 264731, "prism": 287163}, "1678509999.314286": {"poly": 264735, "prism": 287179}, "1678510606.6306145": {"poly": 264737, "prism": 287191}, "1678511699.194926": {"poly": 264740, "prism": 287237}, "1678512439.313266": {"poly": 264742, "prism": 287256}, "1678513040.978434": {"poly": 264742, "prism": 287278}, "1678513642.885635": {"poly": 264742, "prism": 287290}, "1678514255.9736936": {"poly": 264746, "prism": 287303}, "1678514556.8884041": {"poly": 264746, "prism": 287311}, "1678515754.5091317": {"poly": 264752, "prism": 287335}, "1678516534.633926": {"poly": 264758, "prism": 287352}, "1678517141.5586102": {"poly": 264766, "prism": 287367}, "1678517754.4636524": {"poly": 264770, "prism": 287377}, "1678518778.2452102": {"poly": 264774, "prism": 287410}, "1678519392.2627234": {"poly": 264775, "prism": 287420}, "1678520027.080602": {"poly": 264780, "prism": 287436}, "1678520634.671753": {"poly": 264780, "prism": 287448}, "1678521251.7243369": {"poly": 264785, "prism": 287465}, "1678522481.369692": {"poly": 264789, "prism": 287493}, "1678523491.789091": {"poly": 264792, "prism": 287514}, "1678524105.9151487": {"poly": 264795, "prism": 287529}, "1678524715.7369578": {"poly": 264795, "prism": 287548}, "1678525621.9265559": {"poly": 264798, "prism": 287591}, "1678526519.9476075": {"poly": 264801, "prism": 287611}, "1678527144.2062354": {"poly": 264801, "prism": 287628}, "1678527750.3945253": {"poly": 264803, "prism": 287644}, "1678528368.4946532": {"poly": 264804, "prism": 287660}, "1678529331.715643": {"poly": 264809, "prism": 287688}, "1678530429.2680264": {"poly": 264811, "prism": 287723}, "1678531033.660397": {"poly": 264816, "prism": 287743}, "1678531636.7738733": {"poly": 264820, "prism": 287764}, "1678532240.8737235": {"poly": 264822, "prism": 287780}, "1678533260.3367045": {"poly": 264830, "prism": 287812}, "1678533870.6745703": {"poly": 264832, "prism": 287830}, "1678534481.4694002": {"poly": 264836, "prism": 287850}, "1678535084.5210767": {"poly": 264837, "prism": 287868}, "1678535695.0082679": {"poly": 264839, "prism": 287884}, "1678537427.45555": {"poly": 264847, "prism": 287918}, "1678539045.012358": {"poly": 264855, "prism": 287972}, "1678540164.1267917": {"poly": 264866, "prism": 288015}, "1678541197.2455237": {"poly": 264876, "prism": 288043}, "1678541802.0328343": {"poly": 264878, "prism": 288070}, "1678542408.7280293": {"poly": 264882, "prism": 288096}, "1678543017.7035055": {"poly": 264887, "prism": 288120}, "1678544058.8748844": {"poly": 264897, "prism": 288152}, "1678544775.2262013": {"poly": 264901, "prism": 288181}, "1678545376.8074758": {"poly": 264905, "prism": 288203}, "1678545982.4791806": {"poly": 264910, "prism": 288235}, "1678546589.4054723": {"poly": 264923, "prism": 288264}, "1678547729.82912": {"poly": 264936, "prism": 288300}, "1678548424.4804401": {"poly": 264944, "prism": 288314}, "1678549031.238222": {"poly": 264946, "prism": 288330}, "1678549632.272143": {"poly": 264948, "prism": 288368}, "1678551768.186859": {"poly": 264964, "prism": 288464}, "1678552796.6180847": {"poly": 264968, "prism": 288500}, "1678553399.476816": {"poly": 264972, "prism": 288518}, "1678554005.6627696": {"poly": 264980, "prism": 288535}, "1678555074.5535371": {"poly": 264986, "prism": 288573}, "1678555674.5692472": {"poly": 264998, "prism": 288592}, "1678556291.0670493": {"poly": 265006, "prism": 288608}, "1678556897.3977413": {"poly": 265009, "prism": 288629}, "1678557509.601756": {"poly": 265014, "prism": 288661}, "1678559000.423684": {"poly": 265024, "prism": 288714}, "1678559717.7955391": {"poly": 265028, "prism": 288736}, "1678560325.5161166": {"poly": 265033, "prism": 288761}, "1678560927.3916178": {"poly": 265039, "prism": 288778}, "1678561874.184129": {"poly": 265047, "prism": 288812}, "1678562484.347061": {"poly": 265051, "prism": 288838}, "1678563114.277777": {"poly": 265055, "prism": 288863}, "1678563723.4947429": {"poly": 265060, "prism": 288882}, "1678564328.8834224": {"poly": 265064, "prism": 288905}, "1678565277.728065": {"poly": 265067, "prism": 288926}, "1678566257.698113": {"poly": 265072, "prism": 288964}, "1678566909.8874974": {"poly": 265074, "prism": 288985}, "1678567510.8775735": {"poly": 265075, "prism": 289005}, "1678568125.4187305": {"poly": 265079, "prism": 289034}, "1678569097.5824363": {"poly": 265083, "prism": 289056}, "1678569766.7494886": {"poly": 265088, "prism": 289075}, "1678570389.3135858": {"poly": 265092, "prism": 289093}, "1678571000.476687": {"poly": 265098, "prism": 289109}, "1678571611.6340976": {"poly": 265102, "prism": 289132}, "1678572569.6735628": {"poly": 265112, "prism": 289168}, "1678573537.5024967": {"poly": 265120, "prism": 289194}, "1678574142.2893844": {"poly": 265126, "prism": 289214}, "1678574748.665409": {"poly": 265133, "prism": 289227}, "1678575370.0825045": {"poly": 265141, "prism": 289243}, "1678576523.5763009": {"poly": 265147, "prism": 289277}, "1678577203.2923336": {"poly": 265150, "prism": 289300}, "1678577832.2313285": {"poly": 265150, "prism": 289320}, "1678578443.2361705": {"poly": 265153, "prism": 289332}, "1678579048.7637088": {"poly": 265157, "prism": 289354}, "1678585524.3071992": {"poly": 265189, "prism": 289529}}