{"1678483594.641712": {"poly": 264615, "prism": 286511}, "1678483746.248189": {"poly": 264617, "prism": 286514}, "1678484059.3909078": {"poly": 264618, "prism": 286524}, "1678484352.7335799": {"poly": 264619, "prism": 286534}, "1678484955.0876572": {"poly": 264623, "prism": 286548}, "1678485565.7069447": {"poly": 264626, "prism": 286559}, "1678486820.7691903": {"poly": 264636, "prism": 286592}, "1678487496.761274": {"poly": 264641, "prism": 286608}, "1678488098.5614014": {"poly": 264643, "prism": 286620}, "1678488711.5495298": {"poly": 264644, "prism": 286629}, "1678489647.303201": {"poly": 264644, "prism": 286647}, "1678490638.9326959": {"poly": 264650, "prism": 286668}, "1678491280.0272236": {"poly": 264654, "prism": 286681}, "1678491891.026815": {"poly": 264656, "prism": 286700}, "1678492491.7769861": {"poly": 264661, "prism": 286718}, "1678496599.7343633": {"poly": 264676, "prism": 286824}, "1678500882.1065562": {"poly": 264692, "prism": 286923}, "1678502650.3451316": {"poly": 264706, "prism": 286975}}